process_id,process_name,equipment_required,num_staff_required
1,cut_sheet_to_size,2,1
2,cut_sheet_of_larger_size,2,1
3,add_attachment_to_sheet,1,1
4,apply_indents_to_sheet,4,2
5,combine_sheets,3,2
6,cut_panel_to_size,1,1
7,quality_control_check,1,1
8,wrap_on_pallet,5,2
