data_id,order_id,process_id,datetime_started,datetime_ended,ordered_datetime,ordered_height,ordered_width,number_ordered,process_name,equipment_required,num_staff_required,equipment_id,equipment_name
1,1,1,2025-03-25 08:15:00,2025-03-25 08:23:00,3/25/2025 8:15,2.2,0.5,2,cut_sheet_to_size,2,1,2,CNC_machine
2,1,2,2025-03-25 08:23:00,2025-03-25 08:27:00,3/25/2025 8:15,2.2,0.5,2,cut_sheet_of_larger_size,2,1,2,CNC_machine
3,1,3,2025-03-25 08:27:00,2025-03-25 08:39:00,3/25/2025 8:15,2.2,0.5,2,add_attachment_to_sheet,1,1,1,cutting_table
4,1,4,2025-03-25 08:39:00,2025-03-25 08:46:00,3/25/2025 8:15,2.2,0.5,2,apply_indents_to_sheet,4,2,4,indenting_machine
5,1,5,2025-03-25 08:46:00,2025-03-25 09:03:00,3/25/2025 8:15,2.2,0.5,2,combine_sheets,3,2,3,heating_element
6,1,6,2025-03-25 09:03:00,2025-03-25 09:10:00,3/25/2025 8:15,2.2,0.5,2,cut_panel_to_size,1,1,1,cutting_table
7,1,7,2025-03-25 09:10:00,2025-03-25 09:14:00,3/25/2025 8:15,2.2,0.5,2,quality_control_check,1,1,1,cutting_table
8,1,8,2025-03-25 09:14:00,2025-03-25 09:14:00,3/25/2025 8:15,2.2,0.5,2,wrap_on_pallet,5,2,5,pallet
9,1,1,2025-03-25 08:15:00,2025-03-25 08:24:00,3/25/2025 8:15,2.2,0.5,2,cut_sheet_to_size,2,1,2,CNC_machine
10,1,2,2025-03-25 08:24:00,2025-03-25 08:29:00,3/25/2025 8:15,2.2,0.5,2,cut_sheet_of_larger_size,2,1,2,CNC_machine
11,1,3,2025-03-25 08:29:00,2025-03-25 08:41:00,3/25/2025 8:15,2.2,0.5,2,add_attachment_to_sheet,1,1,1,cutting_table
12,1,4,2025-03-25 08:41:00,2025-03-25 08:51:00,3/25/2025 8:15,2.2,0.5,2,apply_indents_to_sheet,4,2,4,indenting_machine
13,1,5,2025-03-25 08:51:00,2025-03-25 09:07:00,3/25/2025 8:15,2.2,0.5,2,combine_sheets,3,2,3,heating_element
14,1,6,2025-03-25 09:07:00,2025-03-25 09:11:00,3/25/2025 8:15,2.2,0.5,2,cut_panel_to_size,1,1,1,cutting_table
15,1,7,2025-03-25 09:11:00,2025-03-25 09:15:00,3/25/2025 8:15,2.2,0.5,2,quality_control_check,1,1,1,cutting_table
16,1,8,2025-03-25 09:15:00,2025-03-25 09:18:00,3/25/2025 8:15,2.2,0.5,2,wrap_on_pallet,5,2,5,pallet
17,2,1,2025-03-25 14:34:00,2025-03-25 14:45:00,3/25/2025 14:34,1.8,1.4,1,cut_sheet_to_size,2,1,2,CNC_machine
18,2,2,2025-03-25 14:45:00,2025-03-25 14:50:00,3/25/2025 14:34,1.8,1.4,1,cut_sheet_of_larger_size,2,1,2,CNC_machine
19,2,3,2025-03-25 14:50:00,2025-03-25 14:59:00,3/25/2025 14:34,1.8,1.4,1,add_attachment_to_sheet,1,1,1,cutting_table
20,2,4,2025-03-25 14:59:00,2025-03-25 15:06:00,3/25/2025 14:34,1.8,1.4,1,apply_indents_to_sheet,4,2,4,indenting_machine
21,2,5,2025-03-25 15:06:00,2025-03-25 15:21:00,3/25/2025 14:34,1.8,1.4,1,combine_sheets,3,2,3,heating_element
22,2,6,2025-03-25 15:21:00,2025-03-25 15:25:00,3/25/2025 14:34,1.8,1.4,1,cut_panel_to_size,1,1,1,cutting_table
23,2,7,2025-03-25 15:25:00,2025-03-25 15:28:00,3/25/2025 14:34,1.8,1.4,1,quality_control_check,1,1,1,cutting_table
24,2,8,2025-03-25 15:28:00,2025-03-25 15:31:00,3/25/2025 14:34,1.8,1.4,1,wrap_on_pallet,5,2,5,pallet
25,3,1,2025-03-26 10:00:00,2025-03-26 10:09:00,3/26/2025 10:00,2.0,0.8,3,cut_sheet_to_size,2,1,2,CNC_machine
26,3,2,2025-03-26 10:09:00,2025-03-26 10:14:00,3/26/2025 10:00,2.0,0.8,3,cut_sheet_of_larger_size,2,1,2,CNC_machine
27,3,3,2025-03-26 10:14:00,2025-03-26 10:26:00,3/26/2025 10:00,2.0,0.8,3,add_attachment_to_sheet,1,1,1,cutting_table
28,3,4,2025-03-26 10:26:00,2025-03-26 10:36:00,3/26/2025 10:00,2.0,0.8,3,apply_indents_to_sheet,4,2,4,indenting_machine
29,3,5,2025-03-26 10:36:00,2025-03-26 10:53:00,3/26/2025 10:00,2.0,0.8,3,combine_sheets,3,2,3,heating_element
30,3,6,2025-03-26 10:53:00,2025-03-26 10:57:00,3/26/2025 10:00,2.0,0.8,3,cut_panel_to_size,1,1,1,cutting_table
31,3,7,2025-03-26 10:57:00,2025-03-26 11:03:00,3/26/2025 10:00,2.0,0.8,3,quality_control_check,1,1,1,cutting_table
32,3,8,2025-03-26 11:03:00,2025-03-26 11:06:00,3/26/2025 10:00,2.0,0.8,3,wrap_on_pallet,5,2,5,pallet
33,3,1,2025-03-26 10:00:00,2025-03-26 10:11:00,3/26/2025 10:00,2.0,0.8,3,cut_sheet_to_size,2,1,2,CNC_machine
34,3,2,2025-03-26 10:11:00,2025-03-26 10:15:00,3/26/2025 10:00,2.0,0.8,3,cut_sheet_of_larger_size,2,1,2,CNC_machine
35,3,3,2025-03-26 10:15:00,2025-03-26 10:24:00,3/26/2025 10:00,2.0,0.8,3,add_attachment_to_sheet,1,1,1,cutting_table
36,3,4,2025-03-26 10:24:00,2025-03-26 10:32:00,3/26/2025 10:00,2.0,0.8,3,apply_indents_to_sheet,4,2,4,indenting_machine
37,3,5,2025-03-26 10:32:00,2025-03-26 10:49:00,3/26/2025 10:00,2.0,0.8,3,combine_sheets,3,2,3,heating_element
38,3,6,2025-03-26 10:49:00,2025-03-26 10:52:00,3/26/2025 10:00,2.0,0.8,3,cut_panel_to_size,1,1,1,cutting_table
39,3,7,2025-03-26 10:52:00,2025-03-26 10:57:00,3/26/2025 10:00,2.0,0.8,3,quality_control_check,1,1,1,cutting_table
40,3,8,2025-03-26 10:57:00,2025-03-26 10:59:00,3/26/2025 10:00,2.0,0.8,3,wrap_on_pallet,5,2,5,pallet
41,3,1,2025-03-26 10:00:00,2025-03-26 10:08:00,3/26/2025 10:00,2.0,0.8,3,cut_sheet_to_size,2,1,2,CNC_machine
42,3,2,2025-03-26 10:08:00,2025-03-26 10:12:00,3/26/2025 10:00,2.0,0.8,3,cut_sheet_of_larger_size,2,1,2,CNC_machine
43,3,3,2025-03-26 10:12:00,2025-03-26 10:20:00,3/26/2025 10:00,2.0,0.8,3,add_attachment_to_sheet,1,1,1,cutting_table
44,3,4,2025-03-26 10:20:00,2025-03-26 10:27:00,3/26/2025 10:00,2.0,0.8,3,apply_indents_to_sheet,4,2,4,indenting_machine
45,3,5,2025-03-26 10:27:00,2025-03-26 10:43:00,3/26/2025 10:00,2.0,0.8,3,combine_sheets,3,2,3,heating_element
46,3,6,2025-03-26 10:43:00,2025-03-26 10:49:00,3/26/2025 10:00,2.0,0.8,3,cut_panel_to_size,1,1,1,cutting_table
47,3,7,2025-03-26 10:49:00,2025-03-26 10:54:00,3/26/2025 10:00,2.0,0.8,3,quality_control_check,1,1,1,cutting_table
48,3,8,2025-03-26 10:54:00,2025-03-26 10:58:00,3/26/2025 10:00,2.0,0.8,3,wrap_on_pallet,5,2,5,pallet
49,4,1,2025-03-26 13:45:00,2025-03-26 13:56:00,3/26/2025 13:45,1.5,1.2,2,cut_sheet_to_size,2,1,2,CNC_machine
50,4,2,2025-03-26 13:56:00,2025-03-26 14:00:00,3/26/2025 13:45,1.5,1.2,2,cut_sheet_of_larger_size,2,1,2,CNC_machine
51,4,3,2025-03-26 14:00:00,2025-03-26 14:12:00,3/26/2025 13:45,1.5,1.2,2,add_attachment_to_sheet,1,1,1,cutting_table
52,4,4,2025-03-26 14:12:00,2025-03-26 14:19:00,3/26/2025 13:45,1.5,1.2,2,apply_indents_to_sheet,4,2,4,indenting_machine
53,4,5,2025-03-26 14:19:00,2025-03-26 14:36:00,3/26/2025 13:45,1.5,1.2,2,combine_sheets,3,2,3,heating_element
54,4,6,2025-03-26 14:36:00,2025-03-26 14:42:00,3/26/2025 13:45,1.5,1.2,2,cut_panel_to_size,1,1,1,cutting_table
55,4,7,2025-03-26 14:42:00,2025-03-26 14:49:00,3/26/2025 13:45,1.5,1.2,2,quality_control_check,1,1,1,cutting_table
56,4,8,2025-03-26 14:49:00,2025-03-26 14:51:00,3/26/2025 13:45,1.5,1.2,2,wrap_on_pallet,5,2,5,pallet
57,4,1,2025-03-26 13:45:00,2025-03-26 13:57:00,3/26/2025 13:45,1.5,1.2,2,cut_sheet_to_size,2,1,2,CNC_machine
58,4,2,2025-03-26 13:57:00,2025-03-26 14:03:00,3/26/2025 13:45,1.5,1.2,2,cut_sheet_of_larger_size,2,1,2,CNC_machine
59,4,3,2025-03-26 14:03:00,2025-03-26 14:13:00,3/26/2025 13:45,1.5,1.2,2,add_attachment_to_sheet,1,1,1,cutting_table
60,4,4,2025-03-26 14:13:00,2025-03-26 14:20:00,3/26/2025 13:45,1.5,1.2,2,apply_indents_to_sheet,4,2,4,indenting_machine
61,4,5,2025-03-26 14:20:00,2025-03-26 14:34:00,3/26/2025 13:45,1.5,1.2,2,combine_sheets,3,2,3,heating_element
62,4,6,2025-03-26 14:34:00,2025-03-26 14:41:00,3/26/2025 13:45,1.5,1.2,2,cut_panel_to_size,1,1,1,cutting_table
63,4,7,2025-03-26 14:41:00,2025-03-26 14:44:00,3/26/2025 13:45,1.5,1.2,2,quality_control_check,1,1,1,cutting_table
64,4,8,2025-03-26 14:44:00,2025-03-26 14:48:00,3/26/2025 13:45,1.5,1.2,2,wrap_on_pallet,5,2,5,pallet
65,5,1,2025-03-27 09:20:00,2025-03-27 09:31:00,3/27/2025 9:20,2.5,1.0,4,cut_sheet_to_size,2,1,2,CNC_machine
66,5,2,2025-03-27 09:31:00,2025-03-27 09:35:00,3/27/2025 9:20,2.5,1.0,4,cut_sheet_of_larger_size,2,1,2,CNC_machine
67,5,3,2025-03-27 09:35:00,2025-03-27 09:45:00,3/27/2025 9:20,2.5,1.0,4,add_attachment_to_sheet,1,1,1,cutting_table
68,5,4,2025-03-27 09:45:00,2025-03-27 09:53:00,3/27/2025 9:20,2.5,1.0,4,apply_indents_to_sheet,4,2,4,indenting_machine
69,5,5,2025-03-27 09:53:00,2025-03-27 10:06:00,3/27/2025 9:20,2.5,1.0,4,combine_sheets,3,2,3,heating_element
70,5,6,2025-03-27 10:06:00,2025-03-27 10:12:00,3/27/2025 9:20,2.5,1.0,4,cut_panel_to_size,1,1,1,cutting_table
71,5,7,2025-03-27 10:12:00,2025-03-27 10:16:00,3/27/2025 9:20,2.5,1.0,4,quality_control_check,1,1,1,cutting_table
72,5,8,2025-03-27 10:16:00,2025-03-27 10:19:00,3/27/2025 9:20,2.5,1.0,4,wrap_on_pallet,5,2,5,pallet
73,5,1,2025-03-27 09:20:00,2025-03-27 09:29:00,3/27/2025 9:20,2.5,1.0,4,cut_sheet_to_size,2,1,2,CNC_machine
74,5,2,2025-03-27 09:29:00,2025-03-27 09:32:00,3/27/2025 9:20,2.5,1.0,4,cut_sheet_of_larger_size,2,1,2,CNC_machine
75,5,3,2025-03-27 09:32:00,2025-03-27 09:42:00,3/27/2025 9:20,2.5,1.0,4,add_attachment_to_sheet,1,1,1,cutting_table
76,5,4,2025-03-27 09:42:00,2025-03-27 09:50:00,3/27/2025 9:20,2.5,1.0,4,apply_indents_to_sheet,4,2,4,indenting_machine
77,5,5,2025-03-27 09:50:00,2025-03-27 10:06:00,3/27/2025 9:20,2.5,1.0,4,combine_sheets,3,2,3,heating_element
78,5,6,2025-03-27 10:06:00,2025-03-27 10:11:00,3/27/2025 9:20,2.5,1.0,4,cut_panel_to_size,1,1,1,cutting_table
79,5,7,2025-03-27 10:11:00,2025-03-27 10:16:00,3/27/2025 9:20,2.5,1.0,4,quality_control_check,1,1,1,cutting_table
80,5,8,2025-03-27 10:16:00,2025-03-27 10:18:00,3/27/2025 9:20,2.5,1.0,4,wrap_on_pallet,5,2,5,pallet
81,5,1,2025-03-27 09:20:00,2025-03-27 09:28:00,3/27/2025 9:20,2.5,1.0,4,cut_sheet_to_size,2,1,2,CNC_machine
82,5,2,2025-03-27 09:28:00,2025-03-27 09:35:00,3/27/2025 9:20,2.5,1.0,4,cut_sheet_of_larger_size,2,1,2,CNC_machine
83,5,3,2025-03-27 09:35:00,2025-03-27 09:46:00,3/27/2025 9:20,2.5,1.0,4,add_attachment_to_sheet,1,1,1,cutting_table
84,5,4,2025-03-27 09:46:00,2025-03-27 09:53:00,3/27/2025 9:20,2.5,1.0,4,apply_indents_to_sheet,4,2,4,indenting_machine
85,5,5,2025-03-27 09:53:00,2025-03-27 10:10:00,3/27/2025 9:20,2.5,1.0,4,combine_sheets,3,2,3,heating_element
86,5,6,2025-03-27 10:10:00,2025-03-27 10:17:00,3/27/2025 9:20,2.5,1.0,4,cut_panel_to_size,1,1,1,cutting_table
87,5,7,2025-03-27 10:17:00,2025-03-27 10:20:00,3/27/2025 9:20,2.5,1.0,4,quality_control_check,1,1,1,cutting_table
88,5,8,2025-03-27 10:20:00,2025-03-27 10:21:00,3/27/2025 9:20,2.5,1.0,4,wrap_on_pallet,5,2,5,pallet
89,5,1,2025-03-27 09:20:00,2025-03-27 09:30:00,3/27/2025 9:20,2.5,1.0,4,cut_sheet_to_size,2,1,2,CNC_machine
90,5,2,2025-03-27 09:30:00,2025-03-27 09:36:00,3/27/2025 9:20,2.5,1.0,4,cut_sheet_of_larger_size,2,1,2,CNC_machine
91,5,3,2025-03-27 09:36:00,2025-03-27 09:46:00,3/27/2025 9:20,2.5,1.0,4,add_attachment_to_sheet,1,1,1,cutting_table
92,5,4,2025-03-27 09:46:00,2025-03-27 09:56:00,3/27/2025 9:20,2.5,1.0,4,apply_indents_to_sheet,4,2,4,indenting_machine
93,5,5,2025-03-27 09:56:00,2025-03-27 10:09:00,3/27/2025 9:20,2.5,1.0,4,combine_sheets,3,2,3,heating_element
94,5,6,2025-03-27 10:09:00,2025-03-27 10:13:00,3/27/2025 9:20,2.5,1.0,4,cut_panel_to_size,1,1,1,cutting_table
95,5,7,2025-03-27 10:13:00,2025-03-27 10:19:00,3/27/2025 9:20,2.5,1.0,4,quality_control_check,1,1,1,cutting_table
96,5,8,2025-03-27 10:19:00,2025-03-27 10:23:00,3/27/2025 9:20,2.5,1.0,4,wrap_on_pallet,5,2,5,pallet
97,6,1,2025-03-27 11:00:00,2025-03-27 11:09:00,3/27/2025 11:00,2.0,0.9,2,cut_sheet_to_size,2,1,2,CNC_machine
98,6,2,2025-03-27 11:09:00,2025-03-27 11:15:00,3/27/2025 11:00,2.0,0.9,2,cut_sheet_of_larger_size,2,1,2,CNC_machine
99,6,3,2025-03-27 11:15:00,2025-03-27 11:24:00,3/27/2025 11:00,2.0,0.9,2,add_attachment_to_sheet,1,1,1,cutting_table
100,6,4,2025-03-27 11:24:00,2025-03-27 11:32:00,3/27/2025 11:00,2.0,0.9,2,apply_indents_to_sheet,4,2,4,indenting_machine
101,6,5,2025-03-27 11:32:00,2025-03-27 11:49:00,3/27/2025 11:00,2.0,0.9,2,combine_sheets,3,2,3,heating_element
102,6,6,2025-03-27 11:49:00,2025-03-27 11:52:00,3/27/2025 11:00,2.0,0.9,2,cut_panel_to_size,1,1,1,cutting_table
103,6,7,2025-03-27 11:52:00,2025-03-27 11:57:00,3/27/2025 11:00,2.0,0.9,2,quality_control_check,1,1,1,cutting_table
104,6,8,2025-03-27 11:57:00,2025-03-27 11:58:00,3/27/2025 11:00,2.0,0.9,2,wrap_on_pallet,5,2,5,pallet
105,6,1,2025-03-27 11:00:00,2025-03-27 11:08:00,3/27/2025 11:00,2.0,0.9,2,cut_sheet_to_size,2,1,2,CNC_machine
106,6,2,2025-03-27 11:08:00,2025-03-27 11:13:00,3/27/2025 11:00,2.0,0.9,2,cut_sheet_of_larger_size,2,1,2,CNC_machine
107,6,3,2025-03-27 11:13:00,2025-03-27 11:23:00,3/27/2025 11:00,2.0,0.9,2,add_attachment_to_sheet,1,1,1,cutting_table
108,6,4,2025-03-27 11:23:00,2025-03-27 11:33:00,3/27/2025 11:00,2.0,0.9,2,apply_indents_to_sheet,4,2,4,indenting_machine
109,6,5,2025-03-27 11:33:00,2025-03-27 11:49:00,3/27/2025 11:00,2.0,0.9,2,combine_sheets,3,2,3,heating_element
110,6,6,2025-03-27 11:49:00,2025-03-27 11:54:00,3/27/2025 11:00,2.0,0.9,2,cut_panel_to_size,1,1,1,cutting_table
111,6,7,2025-03-27 11:54:00,2025-03-27 11:57:00,3/27/2025 11:00,2.0,0.9,2,quality_control_check,1,1,1,cutting_table
112,6,8,2025-03-27 11:57:00,2025-03-27 11:59:00,3/27/2025 11:00,2.0,0.9,2,wrap_on_pallet,5,2,5,pallet
113,7,1,2025-03-27 15:45:00,2025-03-27 15:55:00,3/27/2025 15:45,1.7,1.1,3,cut_sheet_to_size,2,1,2,CNC_machine
114,7,2,2025-03-27 15:55:00,2025-03-27 15:58:00,3/27/2025 15:45,1.7,1.1,3,cut_sheet_of_larger_size,2,1,2,CNC_machine
115,7,3,2025-03-27 15:58:00,2025-03-27 16:06:00,3/27/2025 15:45,1.7,1.1,3,add_attachment_to_sheet,1,1,1,cutting_table
116,7,4,2025-03-27 16:06:00,2025-03-27 16:14:00,3/27/2025 15:45,1.7,1.1,3,apply_indents_to_sheet,4,2,4,indenting_machine
117,7,5,2025-03-27 16:14:00,2025-03-27 16:27:00,3/27/2025 15:45,1.7,1.1,3,combine_sheets,3,2,3,heating_element
118,7,6,2025-03-27 16:27:00,2025-03-27 16:30:00,3/27/2025 15:45,1.7,1.1,3,cut_panel_to_size,1,1,1,cutting_table
119,7,7,2025-03-27 16:30:00,2025-03-27 16:35:00,3/27/2025 15:45,1.7,1.1,3,quality_control_check,1,1,1,cutting_table
120,7,8,2025-03-27 16:35:00,2025-03-27 16:36:00,3/27/2025 15:45,1.7,1.1,3,wrap_on_pallet,5,2,5,pallet
121,7,1,2025-03-27 15:45:00,2025-03-27 15:55:00,3/27/2025 15:45,1.7,1.1,3,cut_sheet_to_size,2,1,2,CNC_machine
122,7,2,2025-03-27 15:55:00,2025-03-27 15:58:00,3/27/2025 15:45,1.7,1.1,3,cut_sheet_of_larger_size,2,1,2,CNC_machine
123,7,3,2025-03-27 15:58:00,2025-03-27 16:06:00,3/27/2025 15:45,1.7,1.1,3,add_attachment_to_sheet,1,1,1,cutting_table
124,7,4,2025-03-27 16:06:00,2025-03-27 16:13:00,3/27/2025 15:45,1.7,1.1,3,apply_indents_to_sheet,4,2,4,indenting_machine
125,7,5,2025-03-27 16:13:00,2025-03-27 16:28:00,3/27/2025 15:45,1.7,1.1,3,combine_sheets,3,2,3,heating_element
126,7,6,2025-03-27 16:28:00,2025-03-27 16:35:00,3/27/2025 15:45,1.7,1.1,3,cut_panel_to_size,1,1,1,cutting_table
127,7,7,2025-03-27 16:35:00,2025-03-27 16:39:00,3/27/2025 15:45,1.7,1.1,3,quality_control_check,1,1,1,cutting_table
128,7,8,2025-03-27 16:39:00,2025-03-27 16:40:00,3/27/2025 15:45,1.7,1.1,3,wrap_on_pallet,5,2,5,pallet
129,7,1,2025-03-27 15:45:00,2025-03-27 15:55:00,3/27/2025 15:45,1.7,1.1,3,cut_sheet_to_size,2,1,2,CNC_machine
130,7,2,2025-03-27 15:55:00,2025-03-27 15:58:00,3/27/2025 15:45,1.7,1.1,3,cut_sheet_of_larger_size,2,1,2,CNC_machine
131,7,3,2025-03-27 15:58:00,2025-03-27 16:06:00,3/27/2025 15:45,1.7,1.1,3,add_attachment_to_sheet,1,1,1,cutting_table
132,7,4,2025-03-27 16:06:00,2025-03-27 16:16:00,3/27/2025 15:45,1.7,1.1,3,apply_indents_to_sheet,4,2,4,indenting_machine
133,7,5,2025-03-27 16:16:00,2025-03-27 16:31:00,3/27/2025 15:45,1.7,1.1,3,combine_sheets,3,2,3,heating_element
134,7,6,2025-03-27 16:31:00,2025-03-27 16:36:00,3/27/2025 15:45,1.7,1.1,3,cut_panel_to_size,1,1,1,cutting_table
135,7,7,2025-03-27 16:36:00,2025-03-27 16:40:00,3/27/2025 15:45,1.7,1.1,3,quality_control_check,1,1,1,cutting_table
136,7,8,2025-03-27 16:40:00,2025-03-27 16:44:00,3/27/2025 15:45,1.7,1.1,3,wrap_on_pallet,5,2,5,pallet
137,8,1,2025-03-28 08:10:00,2025-03-28 08:19:00,3/28/2025 8:10,2.3,1.3,1,cut_sheet_to_size,2,1,2,CNC_machine
138,8,2,2025-03-28 08:19:00,2025-03-28 08:22:00,3/28/2025 8:10,2.3,1.3,1,cut_sheet_of_larger_size,2,1,2,CNC_machine
139,8,3,2025-03-28 08:22:00,2025-03-28 08:34:00,3/28/2025 8:10,2.3,1.3,1,add_attachment_to_sheet,1,1,1,cutting_table
140,8,4,2025-03-28 08:34:00,2025-03-28 08:43:00,3/28/2025 8:10,2.3,1.3,1,apply_indents_to_sheet,4,2,4,indenting_machine
141,8,5,2025-03-28 08:43:00,2025-03-28 08:57:00,3/28/2025 8:10,2.3,1.3,1,combine_sheets,3,2,3,heating_element
142,8,6,2025-03-28 08:57:00,2025-03-28 09:03:00,3/28/2025 8:10,2.3,1.3,1,cut_panel_to_size,1,1,1,cutting_table
143,8,7,2025-03-28 09:03:00,2025-03-28 09:10:00,3/28/2025 8:10,2.3,1.3,1,quality_control_check,1,1,1,cutting_table
144,8,8,2025-03-28 09:10:00,2025-03-28 09:10:00,3/28/2025 8:10,2.3,1.3,1,wrap_on_pallet,5,2,5,pallet
145,9,1,2025-03-28 12:50:00,2025-03-28 13:01:00,3/28/2025 12:50,1.9,1.5,2,cut_sheet_to_size,2,1,2,CNC_machine
146,9,2,2025-03-28 13:01:00,2025-03-28 13:08:00,3/28/2025 12:50,1.9,1.5,2,cut_sheet_of_larger_size,2,1,2,CNC_machine
147,9,3,2025-03-28 13:08:00,2025-03-28 13:20:00,3/28/2025 12:50,1.9,1.5,2,add_attachment_to_sheet,1,1,1,cutting_table
148,9,4,2025-03-28 13:20:00,2025-03-28 13:28:00,3/28/2025 12:50,1.9,1.5,2,apply_indents_to_sheet,4,2,4,indenting_machine
149,9,5,2025-03-28 13:28:00,2025-03-28 13:41:00,3/28/2025 12:50,1.9,1.5,2,combine_sheets,3,2,3,heating_element
150,9,6,2025-03-28 13:41:00,2025-03-28 13:44:00,3/28/2025 12:50,1.9,1.5,2,cut_panel_to_size,1,1,1,cutting_table
151,9,7,2025-03-28 13:44:00,2025-03-28 13:48:00,3/28/2025 12:50,1.9,1.5,2,quality_control_check,1,1,1,cutting_table
152,9,8,2025-03-28 13:48:00,2025-03-28 13:49:00,3/28/2025 12:50,1.9,1.5,2,wrap_on_pallet,5,2,5,pallet
153,9,1,2025-03-28 12:50:00,2025-03-28 13:00:00,3/28/2025 12:50,1.9,1.5,2,cut_sheet_to_size,2,1,2,CNC_machine
154,9,2,2025-03-28 13:00:00,2025-03-28 13:05:00,3/28/2025 12:50,1.9,1.5,2,cut_sheet_of_larger_size,2,1,2,CNC_machine
155,9,3,2025-03-28 13:05:00,2025-03-28 13:16:00,3/28/2025 12:50,1.9,1.5,2,add_attachment_to_sheet,1,1,1,cutting_table
156,9,4,2025-03-28 13:16:00,2025-03-28 13:26:00,3/28/2025 12:50,1.9,1.5,2,apply_indents_to_sheet,4,2,4,indenting_machine
157,9,5,2025-03-28 13:26:00,2025-03-28 13:42:00,3/28/2025 12:50,1.9,1.5,2,combine_sheets,3,2,3,heating_element
158,9,6,2025-03-28 13:42:00,2025-03-28 13:47:00,3/28/2025 12:50,1.9,1.5,2,cut_panel_to_size,1,1,1,cutting_table
159,9,7,2025-03-28 13:47:00,2025-03-28 13:54:00,3/28/2025 12:50,1.9,1.5,2,quality_control_check,1,1,1,cutting_table
160,9,8,2025-03-28 13:54:00,2025-03-28 13:57:00,3/28/2025 12:50,1.9,1.5,2,wrap_on_pallet,5,2,5,pallet
161,10,1,2025-03-28 17:25:00,2025-03-28 17:36:00,3/28/2025 17:25,2.4,1.0,3,cut_sheet_to_size,2,1,2,CNC_machine
162,10,2,2025-03-28 17:36:00,2025-03-28 17:43:00,3/28/2025 17:25,2.4,1.0,3,cut_sheet_of_larger_size,2,1,2,CNC_machine
163,10,3,2025-03-28 17:43:00,2025-03-28 17:55:00,3/28/2025 17:25,2.4,1.0,3,add_attachment_to_sheet,1,1,1,cutting_table
164,10,4,2025-03-28 17:55:00,2025-03-28 18:02:00,3/28/2025 17:25,2.4,1.0,3,apply_indents_to_sheet,4,2,4,indenting_machine
165,10,5,2025-03-28 18:02:00,2025-03-28 18:15:00,3/28/2025 17:25,2.4,1.0,3,combine_sheets,3,2,3,heating_element
166,10,6,2025-03-28 18:15:00,2025-03-28 18:18:00,3/28/2025 17:25,2.4,1.0,3,cut_panel_to_size,1,1,1,cutting_table
167,10,7,2025-03-28 18:18:00,2025-03-28 18:22:00,3/28/2025 17:25,2.4,1.0,3,quality_control_check,1,1,1,cutting_table
168,10,8,2025-03-28 18:22:00,2025-03-28 18:22:00,3/28/2025 17:25,2.4,1.0,3,wrap_on_pallet,5,2,5,pallet
169,10,1,2025-03-28 17:25:00,2025-03-28 17:33:00,3/28/2025 17:25,2.4,1.0,3,cut_sheet_to_size,2,1,2,CNC_machine
170,10,2,2025-03-28 17:33:00,2025-03-28 17:40:00,3/28/2025 17:25,2.4,1.0,3,cut_sheet_of_larger_size,2,1,2,CNC_machine
171,10,3,2025-03-28 17:40:00,2025-03-28 17:48:00,3/28/2025 17:25,2.4,1.0,3,add_attachment_to_sheet,1,1,1,cutting_table
172,10,4,2025-03-28 17:48:00,2025-03-28 17:58:00,3/28/2025 17:25,2.4,1.0,3,apply_indents_to_sheet,4,2,4,indenting_machine
173,10,5,2025-03-28 17:58:00,2025-03-28 18:14:00,3/28/2025 17:25,2.4,1.0,3,combine_sheets,3,2,3,heating_element
174,10,6,2025-03-28 18:14:00,2025-03-28 18:19:00,3/28/2025 17:25,2.4,1.0,3,cut_panel_to_size,1,1,1,cutting_table
175,10,7,2025-03-28 18:19:00,2025-03-28 18:24:00,3/28/2025 17:25,2.4,1.0,3,quality_control_check,1,1,1,cutting_table
176,10,8,2025-03-28 18:24:00,2025-03-28 18:28:00,3/28/2025 17:25,2.4,1.0,3,wrap_on_pallet,5,2,5,pallet
177,10,1,2025-03-28 17:25:00,2025-03-28 17:37:00,3/28/2025 17:25,2.4,1.0,3,cut_sheet_to_size,2,1,2,CNC_machine
178,10,2,2025-03-28 17:37:00,2025-03-28 17:40:00,3/28/2025 17:25,2.4,1.0,3,cut_sheet_of_larger_size,2,1,2,CNC_machine
179,10,3,2025-03-28 17:40:00,2025-03-28 17:52:00,3/28/2025 17:25,2.4,1.0,3,add_attachment_to_sheet,1,1,1,cutting_table
180,10,4,2025-03-28 17:52:00,2025-03-28 17:58:00,3/28/2025 17:25,2.4,1.0,3,apply_indents_to_sheet,4,2,4,indenting_machine
181,10,5,2025-03-28 17:58:00,2025-03-28 18:14:00,3/28/2025 17:25,2.4,1.0,3,combine_sheets,3,2,3,heating_element
182,10,6,2025-03-28 18:14:00,2025-03-28 18:18:00,3/28/2025 17:25,2.4,1.0,3,cut_panel_to_size,1,1,1,cutting_table
183,10,7,2025-03-28 18:18:00,2025-03-28 18:23:00,3/28/2025 17:25,2.4,1.0,3,quality_control_check,1,1,1,cutting_table
184,10,8,2025-03-28 18:23:00,2025-03-28 18:27:00,3/28/2025 17:25,2.4,1.0,3,wrap_on_pallet,5,2,5,pallet
185,11,1,2025-03-29 09:30:00,2025-03-29 09:42:00,3/29/2025 9:30,1.8,1.4,1,cut_sheet_to_size,2,1,2,CNC_machine
186,11,2,2025-03-29 09:42:00,2025-03-29 09:48:00,3/29/2025 9:30,1.8,1.4,1,cut_sheet_of_larger_size,2,1,2,CNC_machine
187,11,3,2025-03-29 09:48:00,2025-03-29 09:59:00,3/29/2025 9:30,1.8,1.4,1,add_attachment_to_sheet,1,1,1,cutting_table
188,11,4,2025-03-29 09:59:00,2025-03-29 10:08:00,3/29/2025 9:30,1.8,1.4,1,apply_indents_to_sheet,4,2,4,indenting_machine
189,11,5,2025-03-29 10:08:00,2025-03-29 10:24:00,3/29/2025 9:30,1.8,1.4,1,combine_sheets,3,2,3,heating_element
190,11,6,2025-03-29 10:24:00,2025-03-29 10:29:00,3/29/2025 9:30,1.8,1.4,1,cut_panel_to_size,1,1,1,cutting_table
191,11,7,2025-03-29 10:29:00,2025-03-29 10:34:00,3/29/2025 9:30,1.8,1.4,1,quality_control_check,1,1,1,cutting_table
192,11,8,2025-03-29 10:34:00,2025-03-29 10:38:00,3/29/2025 9:30,1.8,1.4,1,wrap_on_pallet,5,2,5,pallet
193,12,1,2025-03-29 14:00:00,2025-03-29 14:08:00,3/29/2025 14:00,2.1,0.7,2,cut_sheet_to_size,2,1,2,CNC_machine
194,12,2,2025-03-29 14:08:00,2025-03-29 14:12:00,3/29/2025 14:00,2.1,0.7,2,cut_sheet_of_larger_size,2,1,2,CNC_machine
195,12,3,2025-03-29 14:12:00,2025-03-29 14:21:00,3/29/2025 14:00,2.1,0.7,2,add_attachment_to_sheet,1,1,1,cutting_table
196,12,4,2025-03-29 14:21:00,2025-03-29 14:29:00,3/29/2025 14:00,2.1,0.7,2,apply_indents_to_sheet,4,2,4,indenting_machine
197,12,5,2025-03-29 14:29:00,2025-03-29 14:44:00,3/29/2025 14:00,2.1,0.7,2,combine_sheets,3,2,3,heating_element
198,12,6,2025-03-29 14:44:00,2025-03-29 14:47:00,3/29/2025 14:00,2.1,0.7,2,cut_panel_to_size,1,1,1,cutting_table
199,12,7,2025-03-29 14:47:00,2025-03-29 14:50:00,3/29/2025 14:00,2.1,0.7,2,quality_control_check,1,1,1,cutting_table
200,12,8,2025-03-29 14:50:00,2025-03-29 14:51:00,3/29/2025 14:00,2.1,0.7,2,wrap_on_pallet,5,2,5,pallet
201,12,1,2025-03-29 14:00:00,2025-03-29 14:12:00,3/29/2025 14:00,2.1,0.7,2,cut_sheet_to_size,2,1,2,CNC_machine
202,12,2,2025-03-29 14:12:00,2025-03-29 14:19:00,3/29/2025 14:00,2.1,0.7,2,cut_sheet_of_larger_size,2,1,2,CNC_machine
203,12,3,2025-03-29 14:19:00,2025-03-29 14:28:00,3/29/2025 14:00,2.1,0.7,2,add_attachment_to_sheet,1,1,1,cutting_table
204,12,4,2025-03-29 14:28:00,2025-03-29 14:36:00,3/29/2025 14:00,2.1,0.7,2,apply_indents_to_sheet,4,2,4,indenting_machine
205,12,5,2025-03-29 14:36:00,2025-03-29 14:53:00,3/29/2025 14:00,2.1,0.7,2,combine_sheets,3,2,3,heating_element
206,12,6,2025-03-29 14:53:00,2025-03-29 15:00:00,3/29/2025 14:00,2.1,0.7,2,cut_panel_to_size,1,1,1,cutting_table
207,12,7,2025-03-29 15:00:00,2025-03-29 15:05:00,3/29/2025 14:00,2.1,0.7,2,quality_control_check,1,1,1,cutting_table
208,12,8,2025-03-29 15:05:00,2025-03-29 15:08:00,3/29/2025 14:00,2.1,0.7,2,wrap_on_pallet,5,2,5,pallet
209,13,1,2025-03-30 08:20:00,2025-03-30 08:29:00,3/30/2025 8:20,2.5,1.2,3,cut_sheet_to_size,2,1,2,CNC_machine
210,13,2,2025-03-30 08:29:00,2025-03-30 08:32:00,3/30/2025 8:20,2.5,1.2,3,cut_sheet_of_larger_size,2,1,2,CNC_machine
211,13,3,2025-03-30 08:32:00,2025-03-30 08:43:00,3/30/2025 8:20,2.5,1.2,3,add_attachment_to_sheet,1,1,1,cutting_table
212,13,4,2025-03-30 08:43:00,2025-03-30 08:53:00,3/30/2025 8:20,2.5,1.2,3,apply_indents_to_sheet,4,2,4,indenting_machine
213,13,5,2025-03-30 08:53:00,2025-03-30 09:10:00,3/30/2025 8:20,2.5,1.2,3,combine_sheets,3,2,3,heating_element
214,13,6,2025-03-30 09:10:00,2025-03-30 09:14:00,3/30/2025 8:20,2.5,1.2,3,cut_panel_to_size,1,1,1,cutting_table
215,13,7,2025-03-30 09:14:00,2025-03-30 09:19:00,3/30/2025 8:20,2.5,1.2,3,quality_control_check,1,1,1,cutting_table
216,13,8,2025-03-30 09:19:00,2025-03-30 09:19:00,3/30/2025 8:20,2.5,1.2,3,wrap_on_pallet,5,2,5,pallet
217,13,1,2025-03-30 08:20:00,2025-03-30 08:32:00,3/30/2025 8:20,2.5,1.2,3,cut_sheet_to_size,2,1,2,CNC_machine
218,13,2,2025-03-30 08:32:00,2025-03-30 08:37:00,3/30/2025 8:20,2.5,1.2,3,cut_sheet_of_larger_size,2,1,2,CNC_machine
219,13,3,2025-03-30 08:37:00,2025-03-30 08:47:00,3/30/2025 8:20,2.5,1.2,3,add_attachment_to_sheet,1,1,1,cutting_table
220,13,4,2025-03-30 08:47:00,2025-03-30 08:54:00,3/30/2025 8:20,2.5,1.2,3,apply_indents_to_sheet,4,2,4,indenting_machine
221,13,5,2025-03-30 08:54:00,2025-03-30 09:11:00,3/30/2025 8:20,2.5,1.2,3,combine_sheets,3,2,3,heating_element
222,13,6,2025-03-30 09:11:00,2025-03-30 09:16:00,3/30/2025 8:20,2.5,1.2,3,cut_panel_to_size,1,1,1,cutting_table
223,13,7,2025-03-30 09:16:00,2025-03-30 09:22:00,3/30/2025 8:20,2.5,1.2,3,quality_control_check,1,1,1,cutting_table
224,13,8,2025-03-30 09:22:00,2025-03-30 09:22:00,3/30/2025 8:20,2.5,1.2,3,wrap_on_pallet,5,2,5,pallet
225,13,1,2025-03-30 08:20:00,2025-03-30 08:29:00,3/30/2025 8:20,2.5,1.2,3,cut_sheet_to_size,2,1,2,CNC_machine
226,13,2,2025-03-30 08:29:00,2025-03-30 08:34:00,3/30/2025 8:20,2.5,1.2,3,cut_sheet_of_larger_size,2,1,2,CNC_machine
227,13,3,2025-03-30 08:34:00,2025-03-30 08:44:00,3/30/2025 8:20,2.5,1.2,3,add_attachment_to_sheet,1,1,1,cutting_table
228,13,4,2025-03-30 08:44:00,2025-03-30 08:54:00,3/30/2025 8:20,2.5,1.2,3,apply_indents_to_sheet,4,2,4,indenting_machine
229,13,5,2025-03-30 08:54:00,2025-03-30 09:09:00,3/30/2025 8:20,2.5,1.2,3,combine_sheets,3,2,3,heating_element
230,13,6,2025-03-30 09:09:00,2025-03-30 09:13:00,3/30/2025 8:20,2.5,1.2,3,cut_panel_to_size,1,1,1,cutting_table
231,13,7,2025-03-30 09:13:00,2025-03-30 09:16:00,3/30/2025 8:20,2.5,1.2,3,quality_control_check,1,1,1,cutting_table
232,13,8,2025-03-30 09:16:00,2025-03-30 09:16:00,3/30/2025 8:20,2.5,1.2,3,wrap_on_pallet,5,2,5,pallet
233,14,1,2025-03-30 11:10:00,2025-03-30 11:20:00,3/30/2025 11:10,1.6,1.3,4,cut_sheet_to_size,2,1,2,CNC_machine
234,14,2,2025-03-30 11:20:00,2025-03-30 11:26:00,3/30/2025 11:10,1.6,1.3,4,cut_sheet_of_larger_size,2,1,2,CNC_machine
235,14,3,2025-03-30 11:26:00,2025-03-30 11:36:00,3/30/2025 11:10,1.6,1.3,4,add_attachment_to_sheet,1,1,1,cutting_table
236,14,4,2025-03-30 11:36:00,2025-03-30 11:45:00,3/30/2025 11:10,1.6,1.3,4,apply_indents_to_sheet,4,2,4,indenting_machine
237,14,5,2025-03-30 11:45:00,2025-03-30 12:00:00,3/30/2025 11:10,1.6,1.3,4,combine_sheets,3,2,3,heating_element
238,14,6,2025-03-30 12:00:00,2025-03-30 12:06:00,3/30/2025 11:10,1.6,1.3,4,cut_panel_to_size,1,1,1,cutting_table
239,14,7,2025-03-30 12:06:00,2025-03-30 12:13:00,3/30/2025 11:10,1.6,1.3,4,quality_control_check,1,1,1,cutting_table
240,14,8,2025-03-30 12:13:00,2025-03-30 12:14:00,3/30/2025 11:10,1.6,1.3,4,wrap_on_pallet,5,2,5,pallet
241,14,1,2025-03-30 11:10:00,2025-03-30 11:21:00,3/30/2025 11:10,1.6,1.3,4,cut_sheet_to_size,2,1,2,CNC_machine
242,14,2,2025-03-30 11:21:00,2025-03-30 11:24:00,3/30/2025 11:10,1.6,1.3,4,cut_sheet_of_larger_size,2,1,2,CNC_machine
243,14,3,2025-03-30 11:24:00,2025-03-30 11:34:00,3/30/2025 11:10,1.6,1.3,4,add_attachment_to_sheet,1,1,1,cutting_table
244,14,4,2025-03-30 11:34:00,2025-03-30 11:41:00,3/30/2025 11:10,1.6,1.3,4,apply_indents_to_sheet,4,2,4,indenting_machine
245,14,5,2025-03-30 11:41:00,2025-03-30 11:57:00,3/30/2025 11:10,1.6,1.3,4,combine_sheets,3,2,3,heating_element
246,14,6,2025-03-30 11:57:00,2025-03-30 12:01:00,3/30/2025 11:10,1.6,1.3,4,cut_panel_to_size,1,1,1,cutting_table
247,14,7,2025-03-30 12:01:00,2025-03-30 12:05:00,3/30/2025 11:10,1.6,1.3,4,quality_control_check,1,1,1,cutting_table
248,14,8,2025-03-30 12:05:00,2025-03-30 12:08:00,3/30/2025 11:10,1.6,1.3,4,wrap_on_pallet,5,2,5,pallet
249,14,1,2025-03-30 11:10:00,2025-03-30 11:20:00,3/30/2025 11:10,1.6,1.3,4,cut_sheet_to_size,2,1,2,CNC_machine
250,14,2,2025-03-30 11:20:00,2025-03-30 11:26:00,3/30/2025 11:10,1.6,1.3,4,cut_sheet_of_larger_size,2,1,2,CNC_machine
251,14,3,2025-03-30 11:26:00,2025-03-30 11:36:00,3/30/2025 11:10,1.6,1.3,4,add_attachment_to_sheet,1,1,1,cutting_table
252,14,4,2025-03-30 11:36:00,2025-03-30 11:46:00,3/30/2025 11:10,1.6,1.3,4,apply_indents_to_sheet,4,2,4,indenting_machine
253,14,5,2025-03-30 11:46:00,2025-03-30 12:00:00,3/30/2025 11:10,1.6,1.3,4,combine_sheets,3,2,3,heating_element
254,14,6,2025-03-30 12:00:00,2025-03-30 12:03:00,3/30/2025 11:10,1.6,1.3,4,cut_panel_to_size,1,1,1,cutting_table
255,14,7,2025-03-30 12:03:00,2025-03-30 12:06:00,3/30/2025 11:10,1.6,1.3,4,quality_control_check,1,1,1,cutting_table
256,14,8,2025-03-30 12:06:00,2025-03-30 12:07:00,3/30/2025 11:10,1.6,1.3,4,wrap_on_pallet,5,2,5,pallet
257,14,1,2025-03-30 11:10:00,2025-03-30 11:19:00,3/30/2025 11:10,1.6,1.3,4,cut_sheet_to_size,2,1,2,CNC_machine
258,14,2,2025-03-30 11:19:00,2025-03-30 11:25:00,3/30/2025 11:10,1.6,1.3,4,cut_sheet_of_larger_size,2,1,2,CNC_machine
259,14,3,2025-03-30 11:25:00,2025-03-30 11:33:00,3/30/2025 11:10,1.6,1.3,4,add_attachment_to_sheet,1,1,1,cutting_table
260,14,4,2025-03-30 11:33:00,2025-03-30 11:40:00,3/30/2025 11:10,1.6,1.3,4,apply_indents_to_sheet,4,2,4,indenting_machine
261,14,5,2025-03-30 11:40:00,2025-03-30 11:56:00,3/30/2025 11:10,1.6,1.3,4,combine_sheets,3,2,3,heating_element
262,14,6,2025-03-30 11:56:00,2025-03-30 12:00:00,3/30/2025 11:10,1.6,1.3,4,cut_panel_to_size,1,1,1,cutting_table
263,14,7,2025-03-30 12:00:00,2025-03-30 12:05:00,3/30/2025 11:10,1.6,1.3,4,quality_control_check,1,1,1,cutting_table
264,14,8,2025-03-30 12:05:00,2025-03-30 12:05:00,3/30/2025 11:10,1.6,1.3,4,wrap_on_pallet,5,2,5,pallet
265,15,1,2025-03-30 15:30:00,2025-03-30 15:39:00,3/30/2025 15:30,2.0,1.1,2,cut_sheet_to_size,2,1,2,CNC_machine
266,15,2,2025-03-30 15:39:00,2025-03-30 15:42:00,3/30/2025 15:30,2.0,1.1,2,cut_sheet_of_larger_size,2,1,2,CNC_machine
267,15,3,2025-03-30 15:42:00,2025-03-30 15:53:00,3/30/2025 15:30,2.0,1.1,2,add_attachment_to_sheet,1,1,1,cutting_table
268,15,4,2025-03-30 15:53:00,2025-03-30 16:00:00,3/30/2025 15:30,2.0,1.1,2,apply_indents_to_sheet,4,2,4,indenting_machine
269,15,5,2025-03-30 16:00:00,2025-03-30 16:16:00,3/30/2025 15:30,2.0,1.1,2,combine_sheets,3,2,3,heating_element
270,15,6,2025-03-30 16:16:00,2025-03-30 16:22:00,3/30/2025 15:30,2.0,1.1,2,cut_panel_to_size,1,1,1,cutting_table
271,15,7,2025-03-30 16:22:00,2025-03-30 16:27:00,3/30/2025 15:30,2.0,1.1,2,quality_control_check,1,1,1,cutting_table
272,15,8,2025-03-30 16:27:00,2025-03-30 16:27:00,3/30/2025 15:30,2.0,1.1,2,wrap_on_pallet,5,2,5,pallet
273,15,1,2025-03-30 15:30:00,2025-03-30 15:42:00,3/30/2025 15:30,2.0,1.1,2,cut_sheet_to_size,2,1,2,CNC_machine
274,15,2,2025-03-30 15:42:00,2025-03-30 15:49:00,3/30/2025 15:30,2.0,1.1,2,cut_sheet_of_larger_size,2,1,2,CNC_machine
275,15,3,2025-03-30 15:49:00,2025-03-30 16:01:00,3/30/2025 15:30,2.0,1.1,2,add_attachment_to_sheet,1,1,1,cutting_table
276,15,4,2025-03-30 16:01:00,2025-03-30 16:09:00,3/30/2025 15:30,2.0,1.1,2,apply_indents_to_sheet,4,2,4,indenting_machine
277,15,5,2025-03-30 16:09:00,2025-03-30 16:23:00,3/30/2025 15:30,2.0,1.1,2,combine_sheets,3,2,3,heating_element
278,15,6,2025-03-30 16:23:00,2025-03-30 16:30:00,3/30/2025 15:30,2.0,1.1,2,cut_panel_to_size,1,1,1,cutting_table
279,15,7,2025-03-30 16:30:00,2025-03-30 16:33:00,3/30/2025 15:30,2.0,1.1,2,quality_control_check,1,1,1,cutting_table
280,15,8,2025-03-30 16:33:00,2025-03-30 16:34:00,3/30/2025 15:30,2.0,1.1,2,wrap_on_pallet,5,2,5,pallet
281,16,1,2025-03-31 08:50:00,2025-03-31 09:01:00,3/31/2025 8:50,1.9,1.0,3,cut_sheet_to_size,2,1,2,CNC_machine
282,16,2,2025-03-31 09:01:00,2025-03-31 09:04:00,3/31/2025 8:50,1.9,1.0,3,cut_sheet_of_larger_size,2,1,2,CNC_machine
283,16,3,2025-03-31 09:04:00,2025-03-31 09:16:00,3/31/2025 8:50,1.9,1.0,3,add_attachment_to_sheet,1,1,1,cutting_table
284,16,4,2025-03-31 09:16:00,2025-03-31 09:24:00,3/31/2025 8:50,1.9,1.0,3,apply_indents_to_sheet,4,2,4,indenting_machine
285,16,5,2025-03-31 09:24:00,2025-03-31 09:39:00,3/31/2025 8:50,1.9,1.0,3,combine_sheets,3,2,3,heating_element
286,16,6,2025-03-31 09:39:00,2025-03-31 09:45:00,3/31/2025 8:50,1.9,1.0,3,cut_panel_to_size,1,1,1,cutting_table
287,16,7,2025-03-31 09:45:00,2025-03-31 09:52:00,3/31/2025 8:50,1.9,1.0,3,quality_control_check,1,1,1,cutting_table
288,16,8,2025-03-31 09:52:00,2025-03-31 09:55:00,3/31/2025 8:50,1.9,1.0,3,wrap_on_pallet,5,2,5,pallet
289,16,1,2025-03-31 08:50:00,2025-03-31 09:01:00,3/31/2025 8:50,1.9,1.0,3,cut_sheet_to_size,2,1,2,CNC_machine
290,16,2,2025-03-31 09:01:00,2025-03-31 09:06:00,3/31/2025 8:50,1.9,1.0,3,cut_sheet_of_larger_size,2,1,2,CNC_machine
291,16,3,2025-03-31 09:06:00,2025-03-31 09:14:00,3/31/2025 8:50,1.9,1.0,3,add_attachment_to_sheet,1,1,1,cutting_table
292,16,4,2025-03-31 09:14:00,2025-03-31 09:24:00,3/31/2025 8:50,1.9,1.0,3,apply_indents_to_sheet,4,2,4,indenting_machine
293,16,5,2025-03-31 09:24:00,2025-03-31 09:39:00,3/31/2025 8:50,1.9,1.0,3,combine_sheets,3,2,3,heating_element
294,16,6,2025-03-31 09:39:00,2025-03-31 09:43:00,3/31/2025 8:50,1.9,1.0,3,cut_panel_to_size,1,1,1,cutting_table
295,16,7,2025-03-31 09:43:00,2025-03-31 09:49:00,3/31/2025 8:50,1.9,1.0,3,quality_control_check,1,1,1,cutting_table
296,16,8,2025-03-31 09:49:00,2025-03-31 09:53:00,3/31/2025 8:50,1.9,1.0,3,wrap_on_pallet,5,2,5,pallet
297,16,1,2025-03-31 08:50:00,2025-03-31 09:02:00,3/31/2025 8:50,1.9,1.0,3,cut_sheet_to_size,2,1,2,CNC_machine
298,16,2,2025-03-31 09:02:00,2025-03-31 09:07:00,3/31/2025 8:50,1.9,1.0,3,cut_sheet_of_larger_size,2,1,2,CNC_machine
299,16,3,2025-03-31 09:07:00,2025-03-31 09:17:00,3/31/2025 8:50,1.9,1.0,3,add_attachment_to_sheet,1,1,1,cutting_table
300,16,4,2025-03-31 09:17:00,2025-03-31 09:25:00,3/31/2025 8:50,1.9,1.0,3,apply_indents_to_sheet,4,2,4,indenting_machine
301,16,5,2025-03-31 09:25:00,2025-03-31 09:38:00,3/31/2025 8:50,1.9,1.0,3,combine_sheets,3,2,3,heating_element
302,16,6,2025-03-31 09:38:00,2025-03-31 09:41:00,3/31/2025 8:50,1.9,1.0,3,cut_panel_to_size,1,1,1,cutting_table
303,16,7,2025-03-31 09:41:00,2025-03-31 09:44:00,3/31/2025 8:50,1.9,1.0,3,quality_control_check,1,1,1,cutting_table
304,16,8,2025-03-31 09:44:00,2025-03-31 09:46:00,3/31/2025 8:50,1.9,1.0,3,wrap_on_pallet,5,2,5,pallet
305,17,1,2025-03-31 12:40:00,2025-03-31 12:48:00,3/31/2025 12:40,2.2,1.2,1,cut_sheet_to_size,2,1,2,CNC_machine
306,17,2,2025-03-31 12:48:00,2025-03-31 12:53:00,3/31/2025 12:40,2.2,1.2,1,cut_sheet_of_larger_size,2,1,2,CNC_machine
307,17,3,2025-03-31 12:53:00,2025-03-31 13:02:00,3/31/2025 12:40,2.2,1.2,1,add_attachment_to_sheet,1,1,1,cutting_table
308,17,4,2025-03-31 13:02:00,2025-03-31 13:12:00,3/31/2025 12:40,2.2,1.2,1,apply_indents_to_sheet,4,2,4,indenting_machine
309,17,5,2025-03-31 13:12:00,2025-03-31 13:28:00,3/31/2025 12:40,2.2,1.2,1,combine_sheets,3,2,3,heating_element
310,17,6,2025-03-31 13:28:00,2025-03-31 13:34:00,3/31/2025 12:40,2.2,1.2,1,cut_panel_to_size,1,1,1,cutting_table
311,17,7,2025-03-31 13:34:00,2025-03-31 13:41:00,3/31/2025 12:40,2.2,1.2,1,quality_control_check,1,1,1,cutting_table
312,17,8,2025-03-31 13:41:00,2025-03-31 13:41:00,3/31/2025 12:40,2.2,1.2,1,wrap_on_pallet,5,2,5,pallet
313,18,1,2025-03-31 16:05:00,2025-03-31 16:13:00,3/31/2025 16:05,1.7,1.4,2,cut_sheet_to_size,2,1,2,CNC_machine
314,18,2,2025-03-31 16:13:00,2025-03-31 16:16:00,3/31/2025 16:05,1.7,1.4,2,cut_sheet_of_larger_size,2,1,2,CNC_machine
315,18,3,2025-03-31 16:16:00,2025-03-31 16:25:00,3/31/2025 16:05,1.7,1.4,2,add_attachment_to_sheet,1,1,1,cutting_table
316,18,4,2025-03-31 16:25:00,2025-03-31 16:33:00,3/31/2025 16:05,1.7,1.4,2,apply_indents_to_sheet,4,2,4,indenting_machine
317,18,5,2025-03-31 16:33:00,2025-03-31 16:48:00,3/31/2025 16:05,1.7,1.4,2,combine_sheets,3,2,3,heating_element
318,18,6,2025-03-31 16:48:00,2025-03-31 16:55:00,3/31/2025 16:05,1.7,1.4,2,cut_panel_to_size,1,1,1,cutting_table
319,18,7,2025-03-31 16:55:00,2025-03-31 16:59:00,3/31/2025 16:05,1.7,1.4,2,quality_control_check,1,1,1,cutting_table
320,18,8,2025-03-31 16:59:00,2025-03-31 17:01:00,3/31/2025 16:05,1.7,1.4,2,wrap_on_pallet,5,2,5,pallet
321,18,1,2025-03-31 16:05:00,2025-03-31 16:16:00,3/31/2025 16:05,1.7,1.4,2,cut_sheet_to_size,2,1,2,CNC_machine
322,18,2,2025-03-31 16:16:00,2025-03-31 16:21:00,3/31/2025 16:05,1.7,1.4,2,cut_sheet_of_larger_size,2,1,2,CNC_machine
323,18,3,2025-03-31 16:21:00,2025-03-31 16:31:00,3/31/2025 16:05,1.7,1.4,2,add_attachment_to_sheet,1,1,1,cutting_table
324,18,4,2025-03-31 16:31:00,2025-03-31 16:41:00,3/31/2025 16:05,1.7,1.4,2,apply_indents_to_sheet,4,2,4,indenting_machine
325,18,5,2025-03-31 16:41:00,2025-03-31 16:55:00,3/31/2025 16:05,1.7,1.4,2,combine_sheets,3,2,3,heating_element
326,18,6,2025-03-31 16:55:00,2025-03-31 17:00:00,3/31/2025 16:05,1.7,1.4,2,cut_panel_to_size,1,1,1,cutting_table
327,18,7,2025-03-31 17:00:00,2025-03-31 17:05:00,3/31/2025 16:05,1.7,1.4,2,quality_control_check,1,1,1,cutting_table
328,18,8,2025-03-31 17:05:00,2025-03-31 17:05:00,3/31/2025 16:05,1.7,1.4,2,wrap_on_pallet,5,2,5,pallet
329,19,1,2025-04-01 09:15:00,2025-04-01 09:23:00,4/1/2025 9:15,2.3,1.1,3,cut_sheet_to_size,2,1,2,CNC_machine
330,19,2,2025-04-01 09:23:00,2025-04-01 09:30:00,4/1/2025 9:15,2.3,1.1,3,cut_sheet_of_larger_size,2,1,2,CNC_machine
331,19,3,2025-04-01 09:30:00,2025-04-01 09:39:00,4/1/2025 9:15,2.3,1.1,3,add_attachment_to_sheet,1,1,1,cutting_table
332,19,4,2025-04-01 09:39:00,2025-04-01 09:46:00,4/1/2025 9:15,2.3,1.1,3,apply_indents_to_sheet,4,2,4,indenting_machine
333,19,5,2025-04-01 09:46:00,2025-04-01 09:59:00,4/1/2025 9:15,2.3,1.1,3,combine_sheets,3,2,3,heating_element
334,19,6,2025-04-01 09:59:00,2025-04-01 10:04:00,4/1/2025 9:15,2.3,1.1,3,cut_panel_to_size,1,1,1,cutting_table
335,19,7,2025-04-01 10:04:00,2025-04-01 10:09:00,4/1/2025 9:15,2.3,1.1,3,quality_control_check,1,1,1,cutting_table
336,19,8,2025-04-01 10:09:00,2025-04-01 10:12:00,4/1/2025 9:15,2.3,1.1,3,wrap_on_pallet,5,2,5,pallet
337,19,1,2025-04-01 09:15:00,2025-04-01 09:26:00,4/1/2025 9:15,2.3,1.1,3,cut_sheet_to_size,2,1,2,CNC_machine
338,19,2,2025-04-01 09:26:00,2025-04-01 09:31:00,4/1/2025 9:15,2.3,1.1,3,cut_sheet_of_larger_size,2,1,2,CNC_machine
339,19,3,2025-04-01 09:31:00,2025-04-01 09:43:00,4/1/2025 9:15,2.3,1.1,3,add_attachment_to_sheet,1,1,1,cutting_table
340,19,4,2025-04-01 09:43:00,2025-04-01 09:50:00,4/1/2025 9:15,2.3,1.1,3,apply_indents_to_sheet,4,2,4,indenting_machine
341,19,5,2025-04-01 09:50:00,2025-04-01 10:07:00,4/1/2025 9:15,2.3,1.1,3,combine_sheets,3,2,3,heating_element
342,19,6,2025-04-01 10:07:00,2025-04-01 10:14:00,4/1/2025 9:15,2.3,1.1,3,cut_panel_to_size,1,1,1,cutting_table
343,19,7,2025-04-01 10:14:00,2025-04-01 10:21:00,4/1/2025 9:15,2.3,1.1,3,quality_control_check,1,1,1,cutting_table
344,19,8,2025-04-01 10:21:00,2025-04-01 10:21:00,4/1/2025 9:15,2.3,1.1,3,wrap_on_pallet,5,2,5,pallet
345,19,1,2025-04-01 09:15:00,2025-04-01 09:23:00,4/1/2025 9:15,2.3,1.1,3,cut_sheet_to_size,2,1,2,CNC_machine
346,19,2,2025-04-01 09:23:00,2025-04-01 09:28:00,4/1/2025 9:15,2.3,1.1,3,cut_sheet_of_larger_size,2,1,2,CNC_machine
347,19,3,2025-04-01 09:28:00,2025-04-01 09:40:00,4/1/2025 9:15,2.3,1.1,3,add_attachment_to_sheet,1,1,1,cutting_table
348,19,4,2025-04-01 09:40:00,2025-04-01 09:47:00,4/1/2025 9:15,2.3,1.1,3,apply_indents_to_sheet,4,2,4,indenting_machine
349,19,5,2025-04-01 09:47:00,2025-04-01 10:02:00,4/1/2025 9:15,2.3,1.1,3,combine_sheets,3,2,3,heating_element
350,19,6,2025-04-01 10:02:00,2025-04-01 10:07:00,4/1/2025 9:15,2.3,1.1,3,cut_panel_to_size,1,1,1,cutting_table
351,19,7,2025-04-01 10:07:00,2025-04-01 10:13:00,4/1/2025 9:15,2.3,1.1,3,quality_control_check,1,1,1,cutting_table
352,19,8,2025-04-01 10:13:00,2025-04-01 10:16:00,4/1/2025 9:15,2.3,1.1,3,wrap_on_pallet,5,2,5,pallet
353,20,1,2025-04-01 14:20:00,2025-04-01 14:30:00,4/1/2025 14:20,2.1,1.0,2,cut_sheet_to_size,2,1,2,CNC_machine
354,20,2,2025-04-01 14:30:00,2025-04-01 14:36:00,4/1/2025 14:20,2.1,1.0,2,cut_sheet_of_larger_size,2,1,2,CNC_machine
355,20,3,2025-04-01 14:36:00,2025-04-01 14:46:00,4/1/2025 14:20,2.1,1.0,2,add_attachment_to_sheet,1,1,1,cutting_table
356,20,4,2025-04-01 14:46:00,2025-04-01 14:56:00,4/1/2025 14:20,2.1,1.0,2,apply_indents_to_sheet,4,2,4,indenting_machine
357,20,5,2025-04-01 14:56:00,2025-04-01 15:10:00,4/1/2025 14:20,2.1,1.0,2,combine_sheets,3,2,3,heating_element
358,20,6,2025-04-01 15:10:00,2025-04-01 15:14:00,4/1/2025 14:20,2.1,1.0,2,cut_panel_to_size,1,1,1,cutting_table
359,20,7,2025-04-01 15:14:00,2025-04-01 15:21:00,4/1/2025 14:20,2.1,1.0,2,quality_control_check,1,1,1,cutting_table
360,20,8,2025-04-01 15:21:00,2025-04-01 15:23:00,4/1/2025 14:20,2.1,1.0,2,wrap_on_pallet,5,2,5,pallet
361,20,1,2025-04-01 14:20:00,2025-04-01 14:30:00,4/1/2025 14:20,2.1,1.0,2,cut_sheet_to_size,2,1,2,CNC_machine
362,20,2,2025-04-01 14:30:00,2025-04-01 14:36:00,4/1/2025 14:20,2.1,1.0,2,cut_sheet_of_larger_size,2,1,2,CNC_machine
363,20,3,2025-04-01 14:36:00,2025-04-01 14:48:00,4/1/2025 14:20,2.1,1.0,2,add_attachment_to_sheet,1,1,1,cutting_table
364,20,4,2025-04-01 14:48:00,2025-04-01 14:55:00,4/1/2025 14:20,2.1,1.0,2,apply_indents_to_sheet,4,2,4,indenting_machine
365,20,5,2025-04-01 14:55:00,2025-04-01 15:11:00,4/1/2025 14:20,2.1,1.0,2,combine_sheets,3,2,3,heating_element
366,20,6,2025-04-01 15:11:00,2025-04-01 15:14:00,4/1/2025 14:20,2.1,1.0,2,cut_panel_to_size,1,1,1,cutting_table
367,20,7,2025-04-01 15:14:00,2025-04-01 15:17:00,4/1/2025 14:20,2.1,1.0,2,quality_control_check,1,1,1,cutting_table
368,20,8,2025-04-01 15:17:00,2025-04-01 15:19:00,4/1/2025 14:20,2.1,1.0,2,wrap_on_pallet,5,2,5,pallet
